status	group	main_path	main_lines	replacement_or_reason	evidence
DELETE-VERIFIED	main-old-backend-app	src/app/__init__.py	L1-L32	由 backend_v2 的 API、领域仓储、Worker 与唯一 /api/v2 契约替代	Git main 路径逐项核对；当前树不存在；无 src.app 导入；OpenAPI 与完整后端测试通过
DELETE-VERIFIED	main-old-backend-app	src/app/api/__init__.py	L1-L25	由 backend_v2 的 API、领域仓储、Worker 与唯一 /api/v2 契约替代	Git main 路径逐项核对；当前树不存在；无 src.app 导入；OpenAPI 与完整后端测试通过
DELETE-VERIFIED	main-old-backend-app	src/app/api/api_docs.py	L1-L269	由 backend_v2 的 API、领域仓储、Worker 与唯一 /api/v2 契约替代	Git main 路径逐项核对；当前树不存在；无 src.app 导入；OpenAPI 与完整后端测试通过
DELETE-VERIFIED	main-old-backend-app	src/app/api/bookshelf_api.py	L1-L672	由 backend_v2 的 API、领域仓储、Worker 与唯一 /api/v2 契约替代	Git main 路径逐项核对；当前树不存在；无 src.app 导入；OpenAPI 与完整后端测试通过
DELETE-VERIFIED	main-old-backend-app	src/app/api/config_api.py	L1-L347	由 backend_v2 的 API、领域仓储、Worker 与唯一 /api/v2 契约替代	Git main 路径逐项核对；当前树不存在；无 src.app 导入；OpenAPI 与完整后端测试通过
DELETE-VERIFIED	main-old-backend-app	src/app/api/manga_insight/__init__.py	L1-L21	由 backend_v2 的 API、领域仓储、Worker 与唯一 /api/v2 契约替代	Git main 路径逐项核对；当前树不存在；无 src.app 导入；OpenAPI 与完整后端测试通过
DELETE-VERIFIED	main-old-backend-app	src/app/api/manga_insight/analysis_routes.py	L1-L326	由 backend_v2 的 API、领域仓储、Worker 与唯一 /api/v2 契约替代	Git main 路径逐项核对；当前树不存在；无 src.app 导入；OpenAPI 与完整后端测试通过
DELETE-VERIFIED	main-old-backend-app	src/app/api/manga_insight/async_helpers.py	L1-L64	由 backend_v2 的 API、领域仓储、Worker 与唯一 /api/v2 契约替代	Git main 路径逐项核对；当前树不存在；无 src.app 导入；OpenAPI 与完整后端测试通过
DELETE-VERIFIED	main-old-backend-app	src/app/api/manga_insight/character_studio_routes.py	L1-L521	由 backend_v2 的 API、领域仓储、Worker 与唯一 /api/v2 契约替代	Git main 路径逐项核对；当前树不存在；无 src.app 导入；OpenAPI 与完整后端测试通过
DELETE-VERIFIED	main-old-backend-app	src/app/api/manga_insight/chat_routes.py	L1-L158	由 backend_v2 的 API、领域仓储、Worker 与唯一 /api/v2 契约替代	Git main 路径逐项核对；当前树不存在；无 src.app 导入；OpenAPI 与完整后端测试通过
DELETE-VERIFIED	main-old-backend-app	src/app/api/manga_insight/config_routes.py	L1-L328	由 backend_v2 的 API、领域仓储、Worker 与唯一 /api/v2 契约替代	Git main 路径逐项核对；当前树不存在；无 src.app 导入；OpenAPI 与完整后端测试通过
DELETE-VERIFIED	main-old-backend-app	src/app/api/manga_insight/continuation/__init__.py	L1-L26	由 backend_v2 的 API、领域仓储、Worker 与唯一 /api/v2 契约替代	Git main 路径逐项核对；当前树不存在；无 src.app 导入；OpenAPI 与完整后端测试通过
DELETE-VERIFIED	main-old-backend-app	src/app/api/manga_insight/continuation/character_routes.py	L1-L494	由 backend_v2 的 API、领域仓储、Worker 与唯一 /api/v2 契约替代	Git main 路径逐项核对；当前树不存在；无 src.app 导入；OpenAPI 与完整后端测试通过
DELETE-VERIFIED	main-old-backend-app	src/app/api/manga_insight/continuation/export_routes.py	L1-L137	由 backend_v2 的 API、领域仓储、Worker 与唯一 /api/v2 契约替代	Git main 路径逐项核对；当前树不存在；无 src.app 导入；OpenAPI 与完整后端测试通过
DELETE-VERIFIED	main-old-backend-app	src/app/api/manga_insight/continuation/file_routes.py	L1-L78	由 backend_v2 的 API、领域仓储、Worker 与唯一 /api/v2 契约替代	Git main 路径逐项核对；当前树不存在；无 src.app 导入；OpenAPI 与完整后端测试通过
DELETE-VERIFIED	main-old-backend-app	src/app/api/manga_insight/continuation/helpers.py	L1-L66	由 backend_v2 的 API、领域仓储、Worker 与唯一 /api/v2 契约替代	Git main 路径逐项核对；当前树不存在；无 src.app 导入；OpenAPI 与完整后端测试通过
DELETE-VERIFIED	main-old-backend-app	src/app/api/manga_insight/continuation/image_routes.py	L1-L392	由 backend_v2 的 API、领域仓储、Worker 与唯一 /api/v2 契约替代	Git main 路径逐项核对；当前树不存在；无 src.app 导入；OpenAPI 与完整后端测试通过
DELETE-VERIFIED	main-old-backend-app	src/app/api/manga_insight/continuation/story_routes.py	L1-L144	由 backend_v2 的 API、领域仓储、Worker 与唯一 /api/v2 契约替代	Git main 路径逐项核对；当前树不存在；无 src.app 导入；OpenAPI 与完整后端测试通过
DELETE-VERIFIED	main-old-backend-app	src/app/api/manga_insight/data_routes.py	L1-L765	由 backend_v2 的 API、领域仓储、Worker 与唯一 /api/v2 契约替代	Git main 路径逐项核对；当前树不存在；无 src.app 导入；OpenAPI 与完整后端测试通过
DELETE-VERIFIED	main-old-backend-app	src/app/api/manga_insight/reanalyze_routes.py	L1-L166	由 backend_v2 的 API、领域仓储、Worker 与唯一 /api/v2 契约替代	Git main 路径逐项核对；当前树不存在；无 src.app 导入；OpenAPI 与完整后端测试通过
DELETE-VERIFIED	main-old-backend-app	src/app/api/manga_insight/response_builder.py	L1-L224	由 backend_v2 的 API、领域仓储、Worker 与唯一 /api/v2 契约替代	Git main 路径逐项核对；当前树不存在；无 src.app 导入；OpenAPI 与完整后端测试通过
DELETE-VERIFIED	main-old-backend-app	src/app/api/page_storage_api.py	L1-L205	由 backend_v2 的 API、领域仓储、Worker 与唯一 /api/v2 契约替代	Git main 路径逐项核对；当前树不存在；无 src.app 导入；OpenAPI 与完整后端测试通过
DELETE-VERIFIED	main-old-backend-app	src/app/api/session_api.py	L1-L301	由 backend_v2 的 API、领域仓储、Worker 与唯一 /api/v2 契约替代	Git main 路径逐项核对；当前树不存在；无 src.app 导入；OpenAPI 与完整后端测试通过
DELETE-VERIFIED	main-old-backend-app	src/app/api/system/__init__.py	L1-L58	由 backend_v2 的 API、领域仓储、Worker 与唯一 /api/v2 契约替代	Git main 路径逐项核对；当前树不存在；无 src.app 导入；OpenAPI 与完整后端测试通过
DELETE-VERIFIED	main-old-backend-app	src/app/api/system/downloads.py	L1-L519	由 backend_v2 的 API、领域仓储、Worker 与唯一 /api/v2 契约替代	Git main 路径逐项核对；当前树不存在；无 src.app 导入；OpenAPI 与完整后端测试通过
DELETE-VERIFIED	main-old-backend-app	src/app/api/system/files.py	L1-L134	由 backend_v2 的 API、领域仓储、Worker 与唯一 /api/v2 契约替代	Git main 路径逐项核对；当前树不存在；无 src.app 导入；OpenAPI 与完整后端测试通过
DELETE-VERIFIED	main-old-backend-app	src/app/api/system/fonts.py	L1-L222	由 backend_v2 的 API、领域仓储、Worker 与唯一 /api/v2 契约替代	Git main 路径逐项核对；当前树不存在；无 src.app 导入；OpenAPI 与完整后端测试通过
DELETE-VERIFIED	main-old-backend-app	src/app/api/system/gpu.py	L1-L142	由 backend_v2 的 API、领域仓储、Worker 与唯一 /api/v2 契约替代	Git main 路径逐项核对；当前树不存在；无 src.app 导入；OpenAPI 与完整后端测试通过
DELETE-VERIFIED	main-old-backend-app	src/app/api/system/mobi_handler.py	L1-L347	由 backend_v2 的 API、领域仓储、Worker 与唯一 /api/v2 契约替代	Git main 路径逐项核对；当前树不存在；无 src.app 导入；OpenAPI 与完整后端测试通过
DELETE-VERIFIED	main-old-backend-app	src/app/api/system/pdf_handler.py	L1-L322	由 backend_v2 的 API、领域仓储、Worker 与唯一 /api/v2 契约替代	Git main 路径逐项核对；当前树不存在；无 src.app 导入；OpenAPI 与完整后端测试通过
DELETE-VERIFIED	main-old-backend-app	src/app/api/system/plugin_agent.py	L1-L260	由 backend_v2 的 API、领域仓储、Worker 与唯一 /api/v2 契约替代	Git main 路径逐项核对；当前树不存在；无 src.app 导入；OpenAPI 与完整后端测试通过
DELETE-VERIFIED	main-old-backend-app	src/app/api/system/plugins.py	L1-L261	由 backend_v2 的 API、领域仓储、Worker 与唯一 /api/v2 契约替代	Git main 路径逐项核对；当前树不存在；无 src.app 导入；OpenAPI 与完整后端测试通过
DELETE-VERIFIED	main-old-backend-app	src/app/api/system/tests.py	L1-L804	由 backend_v2 的 API、领域仓储、Worker 与唯一 /api/v2 契约替代	Git main 路径逐项核对；当前树不存在；无 src.app 导入；OpenAPI 与完整后端测试通过
DELETE-VERIFIED	main-old-backend-app	src/app/api/translation/__init__.py	L1-L44	由 backend_v2 的 API、领域仓储、Worker 与唯一 /api/v2 契约替代	Git main 路径逐项核对；当前树不存在；无 src.app 导入；OpenAPI 与完整后端测试通过
DELETE-VERIFIED	main-old-backend-app	src/app/api/translation/parallel_routes.py	L1-L808	由 backend_v2 的 API、领域仓储、Worker 与唯一 /api/v2 契约替代	Git main 路径逐项核对；当前树不存在；无 src.app 导入；OpenAPI 与完整后端测试通过
DELETE-VERIFIED	main-old-backend-app	src/app/api/translation/pipeline_routes.py	L1-L130	由 backend_v2 的 API、领域仓储、Worker 与唯一 /api/v2 契约替代	Git main 路径逐项核对；当前树不存在；无 src.app 导入；OpenAPI 与完整后端测试通过
DELETE-VERIFIED	main-old-backend-app	src/app/api/translation/routes.py	L1-L1987	由 backend_v2 的 API、领域仓储、Worker 与唯一 /api/v2 契约替代	Git main 路径逐项核对；当前树不存在；无 src.app 导入；OpenAPI 与完整后端测试通过
DELETE-VERIFIED	main-old-backend-app	src/app/api/web_import_api.py	L1-L898	由 backend_v2 的 API、领域仓储、Worker 与唯一 /api/v2 契约替代	Git main 路径逐项核对；当前树不存在；无 src.app 导入；OpenAPI 与完整后端测试通过
DELETE-VERIFIED	main-old-backend-app	src/app/error_handlers.py	L1-L206	由 backend_v2 的 API、领域仓储、Worker 与唯一 /api/v2 契约替代	Git main 路径逐项核对；当前树不存在；无 src.app 导入；OpenAPI 与完整后端测试通过
DELETE-VERIFIED	main-old-backend-app	src/app/route_redirects.py	L1-L83	由 backend_v2 的 API、领域仓储、Worker 与唯一 /api/v2 契约替代	Git main 路径逐项核对；当前树不存在；无 src.app 导入；OpenAPI 与完整后端测试通过
DELETE-VERIFIED	main-old-backend-app	src/app/routes.py	L1-L93	由 backend_v2 的 API、领域仓储、Worker 与唯一 /api/v2 契约替代	Git main 路径逐项核对；当前树不存在；无 src.app 导入；OpenAPI 与完整后端测试通过
DELETE-VERIFIED	main-old-backend-app	src/app/static/vue/assets/AppHeader.oavnQySz.css	L1-L1	由 backend_v2 的 API、领域仓储、Worker 与唯一 /api/v2 契约替代	Git main 路径逐项核对；当前树不存在；无 src.app 导入；OpenAPI 与完整后端测试通过
DELETE-VERIFIED	main-old-backend-app	src/app/static/vue/assets/BaseModal.DWFYGyoJ.css	L1-L1	由 backend_v2 的 API、领域仓储、Worker 与唯一 /api/v2 契约替代	Git main 路径逐项核对；当前树不存在；无 src.app 导入；OpenAPI 与完整后端测试通过
DELETE-VERIFIED	main-old-backend-app	src/app/static/vue/assets/BookshelfView.MhjJHDb8.css	L1-L1	由 backend_v2 的 API、领域仓储、Worker 与唯一 /api/v2 契约替代	Git main 路径逐项核对；当前树不存在；无 src.app 导入；OpenAPI 与完整后端测试通过
DELETE-VERIFIED	main-old-backend-app	src/app/static/vue/assets/CharacterStudioView.BT66QtoK.css	L1-L1	由 backend_v2 的 API、领域仓储、Worker 与唯一 /api/v2 契约替代	Git main 路径逐项核对；当前树不存在；无 src.app 导入；OpenAPI 与完整后端测试通过
DELETE-VERIFIED	main-old-backend-app	src/app/static/vue/assets/index.LryjAgvf.css	L1-L1	由 backend_v2 的 API、领域仓储、Worker 与唯一 /api/v2 契约替代	Git main 路径逐项核对；当前树不存在；无 src.app 导入；OpenAPI 与完整后端测试通过
DELETE-VERIFIED	main-old-backend-app	src/app/static/vue/assets/InsightView.BOvP0KaR.css	L1-L1	由 backend_v2 的 API、领域仓储、Worker 与唯一 /api/v2 契约替代	Git main 路径逐项核对；当前树不存在；无 src.app 导入；OpenAPI 与完整后端测试通过
DELETE-VERIFIED	main-old-backend-app	src/app/static/vue/assets/marked.kDYEdTTy.css	L1-L1	由 backend_v2 的 API、领域仓储、Worker 与唯一 /api/v2 契约替代	Git main 路径逐项核对；当前树不存在；无 src.app 导入；OpenAPI 与完整后端测试通过
DELETE-VERIFIED	main-old-backend-app	src/app/static/vue/assets/ReaderView.B7LAIstj.css	L1-L1	由 backend_v2 的 API、领域仓储、Worker 与唯一 /api/v2 契约替代	Git main 路径逐项核对；当前树不存在；无 src.app 导入；OpenAPI 与完整后端测试通过
DELETE-VERIFIED	main-old-backend-app	src/app/static/vue/assets/TranslateView.6YBvVPoi.css	L1-L1	由 backend_v2 的 API、领域仓储、Worker 与唯一 /api/v2 契约替代	Git main 路径逐项核对；当前树不存在；无 src.app 导入；OpenAPI 与完整后端测试通过
DELETE-VERIFIED	main-old-backend-app	src/app/static/vue/index.html	L1-L22	由 backend_v2 的 API、领域仓储、Worker 与唯一 /api/v2 契约替代	Git main 路径逐项核对；当前树不存在；无 src.app 导入；OpenAPI 与完整后端测试通过
DELETE-VERIFIED	main-old-backend-app	src/app/static/vue/js/AppHeader.BsmiGBDu.js	L1-L1	由 backend_v2 的 API、领域仓储、Worker 与唯一 /api/v2 契约替代	Git main 路径逐项核对；当前树不存在；无 src.app 导入；OpenAPI 与完整后端测试通过
DELETE-VERIFIED	main-old-backend-app	src/app/static/vue/js/BaseModal.C1kGYhRj.js	L1-L1	由 backend_v2 的 API、领域仓储、Worker 与唯一 /api/v2 契约替代	Git main 路径逐项核对；当前树不存在；无 src.app 导入；OpenAPI 与完整后端测试通过
DELETE-VERIFIED	main-old-backend-app	src/app/static/vue/js/bookshelf.X4RrJS80.js	L1-L1	由 backend_v2 的 API、领域仓储、Worker 与唯一 /api/v2 契约替代	Git main 路径逐项核对；当前树不存在；无 src.app 导入；OpenAPI 与完整后端测试通过
DELETE-VERIFIED	main-old-backend-app	src/app/static/vue/js/bookshelfStore.BX4eJtCc.js	L1-L1	由 backend_v2 的 API、领域仓储、Worker 与唯一 /api/v2 契约替代	Git main 路径逐项核对；当前树不存在；无 src.app 导入；OpenAPI 与完整后端测试通过
DELETE-VERIFIED	main-old-backend-app	src/app/static/vue/js/BookshelfView.jMVjbyCl.js	L1-L2	由 backend_v2 的 API、领域仓储、Worker 与唯一 /api/v2 契约替代	Git main 路径逐项核对；当前树不存在；无 src.app 导入；OpenAPI 与完整后端测试通过
DELETE-VERIFIED	main-old-backend-app	src/app/static/vue/js/CharacterStudioView.6W3MyGe1.js	L1-L4	由 backend_v2 的 API、领域仓储、Worker 与唯一 /api/v2 契约替代	Git main 路径逐项核对；当前树不存在；无 src.app 导入；OpenAPI 与完整后端测试通过
DELETE-VERIFIED	main-old-backend-app	src/app/static/vue/js/index.BjL5-pWW.js	L1-L149	由 backend_v2 的 API、领域仓储、Worker 与唯一 /api/v2 契约替代	Git main 路径逐项核对；当前树不存在；无 src.app 导入；OpenAPI 与完整后端测试通过
DELETE-VERIFIED	main-old-backend-app	src/app/static/vue/js/InsightView.Dxnvr8Vy.js	L1-L28	由 backend_v2 的 API、领域仓储、Worker 与唯一 /api/v2 契约替代	Git main 路径逐项核对；当前树不存在；无 src.app 导入；OpenAPI 与完整后端测试通过
DELETE-VERIFIED	main-old-backend-app	src/app/static/vue/js/marked.esm.DwYzZaa_.js	L1-L63	由 backend_v2 的 API、领域仓储、Worker 与唯一 /api/v2 契约替代	Git main 路径逐项核对；当前树不存在；无 src.app 导入；OpenAPI 与完整后端测试通过
DELETE-VERIFIED	main-old-backend-app	src/app/static/vue/js/pdf.U7tdldy2.js	L1-L8	由 backend_v2 的 API、领域仓储、Worker 与唯一 /api/v2 契约替代	Git main 路径逐项核对；当前树不存在；无 src.app 导入；OpenAPI 与完整后端测试通过
DELETE-VERIFIED	main-old-backend-app	src/app/static/vue/js/ReaderView.BGrGgoTf.js	L1-L1	由 backend_v2 的 API、领域仓储、Worker 与唯一 /api/v2 契约替代	Git main 路径逐项核对；当前树不存在；无 src.app 导入；OpenAPI 与完整后端测试通过
DELETE-VERIFIED	main-old-backend-app	src/app/static/vue/js/session.BmhOfLGf.js	L1-L1	由 backend_v2 的 API、领域仓储、Worker 与唯一 /api/v2 契约替代	Git main 路径逐项核对；当前树不存在；无 src.app 导入；OpenAPI 与完整后端测试通过
DELETE-VERIFIED	main-old-backend-app	src/app/static/vue/js/system.DF6zX2MX.js	L1-L1	由 backend_v2 的 API、领域仓储、Worker 与唯一 /api/v2 契约替代	Git main 路径逐项核对；当前树不存在；无 src.app 导入；OpenAPI 与完整后端测试通过
DELETE-VERIFIED	main-old-backend-app	src/app/static/vue/js/TranslateView.BlSMLMgV.js	L1-L116	由 backend_v2 的 API、领域仓储、Worker 与唯一 /api/v2 契约替代	Git main 路径逐项核对；当前树不存在；无 src.app 导入；OpenAPI 与完整后端测试通过
DELETE-VERIFIED	main-old-backend-app	src/app/static/vue/js/utils-vendor.B9ygI19o.js	L1-L6	由 backend_v2 的 API、领域仓储、Worker 与唯一 /api/v2 契约替代	Git main 路径逐项核对；当前树不存在；无 src.app 导入；OpenAPI 与完整后端测试通过
DELETE-VERIFIED	main-old-backend-app	src/app/static/vue/js/vue-vendor.BeT9DmRN.js	L1-L1	由 backend_v2 的 API、领域仓储、Worker 与唯一 /api/v2 契约替代	Git main 路径逐项核对；当前树不存在；无 src.app 导入；OpenAPI 与完整后端测试通过
DELETE-VERIFIED	main-old-core	src/core/bookshelf_manager.py	L1-L1165	旧应用编排已删除；仍需算法能力由当前 src/core、src/interfaces、src/shared 或 backend_v2 直接拥有	Git main 路径逐项核对；当前调用图、import 与路径残留搜索闭合；完整后端测试通过
DELETE-VERIFIED	main-old-core	src/core/data_migration.py	L1-L258	旧应用编排已删除；仍需算法能力由当前 src/core、src/interfaces、src/shared 或 backend_v2 直接拥有	Git main 路径逐项核对；当前调用图、import 与路径残留搜索闭合；完整后端测试通过
DELETE-VERIFIED	main-old-core	src/core/manga_insight/analyzer.py	L1-L426	旧应用编排已删除；仍需算法能力由当前 src/core、src/interfaces、src/shared 或 backend_v2 直接拥有	Git main 路径逐项核对；当前调用图、import 与路径残留搜索闭合；完整后端测试通过
DELETE-VERIFIED	main-old-core	src/core/manga_insight/batch_analyzer.py	L1-L160	旧应用编排已删除；仍需算法能力由当前 src/core、src/interfaces、src/shared 或 backend_v2 直接拥有	Git main 路径逐项核对；当前调用图、import 与路径残留搜索闭合；完整后端测试通过
DELETE-VERIFIED	main-old-core	src/core/manga_insight/book_pages.py	L1-L201	旧应用编排已删除；仍需算法能力由当前 src/core、src/interfaces、src/shared 或 backend_v2 直接拥有	Git main 路径逐项核对；当前调用图、import 与路径残留搜索闭合；完整后端测试通过
DELETE-VERIFIED	main-old-core	src/core/manga_insight/change_detector.py	L1-L267	旧应用编排已删除；仍需算法能力由当前 src/core、src/interfaces、src/shared 或 backend_v2 直接拥有	Git main 路径逐项核对；当前调用图、import 与路径残留搜索闭合；完整后端测试通过
DELETE-VERIFIED	main-old-core	src/core/manga_insight/character_studio/__init__.py	L1-L19	旧应用编排已删除；仍需算法能力由当前 src/core、src/interfaces、src/shared 或 backend_v2 直接拥有	Git main 路径逐项核对；当前调用图、import 与路径残留搜索闭合；完整后端测试通过
DELETE-VERIFIED	main-old-core	src/core/manga_insight/character_studio/adapters.py	L1-L486	旧应用编排已删除；仍需算法能力由当前 src/core、src/interfaces、src/shared 或 backend_v2 直接拥有	Git main 路径逐项核对；当前调用图、import 与路径残留搜索闭合；完整后端测试通过
DELETE-VERIFIED	main-old-core	src/core/manga_insight/character_studio/agent.py	L1-L63	旧应用编排已删除；仍需算法能力由当前 src/core、src/interfaces、src/shared 或 backend_v2 直接拥有	Git main 路径逐项核对；当前调用图、import 与路径残留搜索闭合；完整后端测试通过
DELETE-VERIFIED	main-old-core	src/core/manga_insight/character_studio/png_codec.py	L1-L80	旧应用编排已删除；仍需算法能力由当前 src/core、src/interfaces、src/shared 或 backend_v2 直接拥有	Git main 路径逐项核对；当前调用图、import 与路径残留搜索闭合；完整后端测试通过
DELETE-VERIFIED	main-old-core	src/core/manga_insight/character_studio/runtime.py	L1-L196	旧应用编排已删除；仍需算法能力由当前 src/core、src/interfaces、src/shared 或 backend_v2 直接拥有	Git main 路径逐项核对；当前调用图、import 与路径残留搜索闭合；完整后端测试通过
DELETE-VERIFIED	main-old-core	src/core/manga_insight/character_studio/service.py	L1-L1713	旧应用编排已删除；仍需算法能力由当前 src/core、src/interfaces、src/shared 或 backend_v2 直接拥有	Git main 路径逐项核对；当前调用图、import 与路径残留搜索闭合；完整后端测试通过
DELETE-VERIFIED	main-old-core	src/core/manga_insight/character_studio/store.py	L1-L188	旧应用编排已删除；仍需算法能力由当前 src/core、src/interfaces、src/shared 或 backend_v2 直接拥有	Git main 路径逐项核对；当前调用图、import 与路径残留搜索闭合；完整后端测试通过
DELETE-VERIFIED	main-old-core	src/core/manga_insight/character_studio/validators.py	L1-L108	旧应用编排已删除；仍需算法能力由当前 src/core、src/interfaces、src/shared 或 backend_v2 直接拥有	Git main 路径逐项核对；当前调用图、import 与路径残留搜索闭合；完整后端测试通过
DELETE-VERIFIED	main-old-core	src/core/manga_insight/clients/provider_registry.py	L1-L50	旧应用编排已删除；仍需算法能力由当前 src/core、src/interfaces、src/shared 或 backend_v2 直接拥有	Git main 路径逐项核对；当前调用图、import 与路径残留搜索闭合；完整后端测试通过
DELETE-VERIFIED	main-old-core	src/core/manga_insight/config_utils.py	L1-L657	旧应用编排已删除；仍需算法能力由当前 src/core、src/interfaces、src/shared 或 backend_v2 直接拥有	Git main 路径逐项核对；当前调用图、import 与路径残留搜索闭合；完整后端测试通过
DELETE-VERIFIED	main-old-core	src/core/manga_insight/continuation/__init__.py	L1-L32	旧应用编排已删除；仍需算法能力由当前 src/core、src/interfaces、src/shared 或 backend_v2 直接拥有	Git main 路径逐项核对；当前调用图、import 与路径残留搜索闭合；完整后端测试通过
DELETE-VERIFIED	main-old-core	src/core/manga_insight/continuation/character_manager.py	L1-L523	旧应用编排已删除；仍需算法能力由当前 src/core、src/interfaces、src/shared 或 backend_v2 直接拥有	Git main 路径逐项核对；当前调用图、import 与路径残留搜索闭合；完整后端测试通过
DELETE-VERIFIED	main-old-core	src/core/manga_insight/continuation/image_generator.py	L1-L427	旧应用编排已删除；仍需算法能力由当前 src/core、src/interfaces、src/shared 或 backend_v2 直接拥有	Git main 路径逐项核对；当前调用图、import 与路径残留搜索闭合；完整后端测试通过
DELETE-VERIFIED	main-old-core	src/core/manga_insight/continuation/models.py	L1-L210	旧应用编排已删除；仍需算法能力由当前 src/core、src/interfaces、src/shared 或 backend_v2 直接拥有	Git main 路径逐项核对；当前调用图、import 与路径残留搜索闭合；完整后端测试通过
DELETE-VERIFIED	main-old-core	src/core/manga_insight/continuation/prompt_validation.py	L1-L104	旧应用编排已删除；仍需算法能力由当前 src/core、src/interfaces、src/shared 或 backend_v2 直接拥有	Git main 路径逐项核对；当前调用图、import 与路径残留搜索闭合；完整后端测试通过
DELETE-VERIFIED	main-old-core	src/core/manga_insight/continuation/reference_tokens.py	L1-L224	旧应用编排已删除；仍需算法能力由当前 src/core、src/interfaces、src/shared 或 backend_v2 直接拥有	Git main 路径逐项核对；当前调用图、import 与路径残留搜索闭合；完整后端测试通过
DELETE-VERIFIED	main-old-core	src/core/manga_insight/continuation/story_generator.py	L1-L685	旧应用编排已删除；仍需算法能力由当前 src/core、src/interfaces、src/shared 或 backend_v2 直接拥有	Git main 路径逐项核对；当前调用图、import 与路径残留搜索闭合；完整后端测试通过
DELETE-VERIFIED	main-old-core	src/core/manga_insight/embedding_builder.py	L1-L309	旧应用编排已删除；仍需算法能力由当前 src/core、src/interfaces、src/shared 或 backend_v2 直接拥有	Git main 路径逐项核对；当前调用图、import 与路径残留搜索闭合；完整后端测试通过
DELETE-VERIFIED	main-old-core	src/core/manga_insight/features/__init__.py	L1-L17	旧应用编排已删除；仍需算法能力由当前 src/core、src/interfaces、src/shared 或 backend_v2 直接拥有	Git main 路径逐项核对；当前调用图、import 与路径残留搜索闭合；完整后端测试通过
DELETE-VERIFIED	main-old-core	src/core/manga_insight/features/hierarchical_summary.py	L1-L527	旧应用编排已删除；仍需算法能力由当前 src/core、src/interfaces、src/shared 或 backend_v2 直接拥有	Git main 路径逐项核对；当前调用图、import 与路径残留搜索闭合；完整后端测试通过
DELETE-VERIFIED	main-old-core	src/core/manga_insight/features/timeline.py	L1-L250	旧应用编排已删除；仍需算法能力由当前 src/core、src/interfaces、src/shared 或 backend_v2 直接拥有	Git main 路径逐项核对；当前调用图、import 与路径残留搜索闭合；完整后端测试通过
DELETE-VERIFIED	main-old-core	src/core/manga_insight/features/timeline_enhanced.py	L1-L751	旧应用编排已删除；仍需算法能力由当前 src/core、src/interfaces、src/shared 或 backend_v2 直接拥有	Git main 路径逐项核对；当前调用图、import 与路径残留搜索闭合；完整后端测试通过
DELETE-VERIFIED	main-old-core	src/core/manga_insight/features/timeline_models.py	L1-L301	旧应用编排已删除；仍需算法能力由当前 src/core、src/interfaces、src/shared 或 backend_v2 直接拥有	Git main 路径逐项核对；当前调用图、import 与路径残留搜索闭合；完整后端测试通过
DELETE-VERIFIED	main-old-core	src/core/manga_insight/incremental_analyzer.py	L1-L598	旧应用编排已删除；仍需算法能力由当前 src/core、src/interfaces、src/shared 或 backend_v2 直接拥有	Git main 路径逐项核对；当前调用图、import 与路径残留搜索闭合；完整后端测试通过
DELETE-VERIFIED	main-old-core	src/core/manga_insight/layer_executor.py	L1-L228	旧应用编排已删除；仍需算法能力由当前 src/core、src/interfaces、src/shared 或 backend_v2 直接拥有	Git main 路径逐项核对；当前调用图、import 与路径残留搜索闭合；完整后端测试通过
DELETE-VERIFIED	main-old-core	src/core/manga_insight/overview_generator.py	L1-L143	旧应用编排已删除；仍需算法能力由当前 src/core、src/interfaces、src/shared 或 backend_v2 直接拥有	Git main 路径逐项核对；当前调用图、import 与路径残留搜索闭合；完整后端测试通过
DELETE-VERIFIED	main-old-core	src/core/manga_insight/overview_templates.py	L1-L380	旧应用编排已删除；仍需算法能力由当前 src/core、src/interfaces、src/shared 或 backend_v2 直接拥有	Git main 路径逐项核对；当前调用图、import 与路径残留搜索闭合；完整后端测试通过
DELETE-VERIFIED	main-old-core	src/core/manga_insight/progress_broadcaster.py	L1-L144	旧应用编排已删除；仍需算法能力由当前 src/core、src/interfaces、src/shared 或 backend_v2 直接拥有	Git main 路径逐项核对；当前调用图、import 与路径残留搜索闭合；完整后端测试通过
DELETE-VERIFIED	main-old-core	src/core/manga_insight/prompts.py	L1-L206	旧应用编排已删除；仍需算法能力由当前 src/core、src/interfaces、src/shared 或 backend_v2 直接拥有	Git main 路径逐项核对；当前调用图、import 与路径残留搜索闭合；完整后端测试通过
DELETE-VERIFIED	main-old-core	src/core/manga_insight/qa.py	L1-L740	旧应用编排已删除；仍需算法能力由当前 src/core、src/interfaces、src/shared 或 backend_v2 直接拥有	Git main 路径逐项核对；当前调用图、import 与路径残留搜索闭合；完整后端测试通过
DELETE-VERIFIED	main-old-core	src/core/manga_insight/query_preprocessor.py	L1-L211	旧应用编排已删除；仍需算法能力由当前 src/core、src/interfaces、src/shared 或 backend_v2 直接拥有	Git main 路径逐项核对；当前调用图、import 与路径残留搜索闭合；完整后端测试通过
DELETE-VERIFIED	main-old-core	src/core/manga_insight/reranker_client.py	L1-L199	旧应用编排已删除；仍需算法能力由当前 src/core、src/interfaces、src/shared 或 backend_v2 直接拥有	Git main 路径逐项核对；当前调用图、import 与路径残留搜索闭合；完整后端测试通过
DELETE-VERIFIED	main-old-core	src/core/manga_insight/storage.py	L1-L846	旧应用编排已删除；仍需算法能力由当前 src/core、src/interfaces、src/shared 或 backend_v2 直接拥有	Git main 路径逐项核对；当前调用图、import 与路径残留搜索闭合；完整后端测试通过
DELETE-VERIFIED	main-old-core	src/core/manga_insight/storage_utils/__init__.py	L1-L21	旧应用编排已删除；仍需算法能力由当前 src/core、src/interfaces、src/shared 或 backend_v2 直接拥有	Git main 路径逐项核对；当前调用图、import 与路径残留搜索闭合；完整后端测试通过
DELETE-VERIFIED	main-old-core	src/core/manga_insight/storage_utils/path_manager.py	L1-L164	旧应用编排已删除；仍需算法能力由当前 src/core、src/interfaces、src/shared 或 backend_v2 直接拥有	Git main 路径逐项核对；当前调用图、import 与路径残留搜索闭合；完整后端测试通过
DELETE-VERIFIED	main-old-core	src/core/manga_insight/summary_generator.py	L1-L235	旧应用编排已删除；仍需算法能力由当前 src/core、src/interfaces、src/shared 或 backend_v2 直接拥有	Git main 路径逐项核对；当前调用图、import 与路径残留搜索闭合；完整后端测试通过
DELETE-VERIFIED	main-old-core	src/core/manga_insight/task_executor.py	L1-L579	旧应用编排已删除；仍需算法能力由当前 src/core、src/interfaces、src/shared 或 backend_v2 直接拥有	Git main 路径逐项核对；当前调用图、import 与路径残留搜索闭合；完整后端测试通过
DELETE-VERIFIED	main-old-core	src/core/manga_insight/task_manager.py	L1-L371	旧应用编排已删除；仍需算法能力由当前 src/core、src/interfaces、src/shared 或 backend_v2 直接拥有	Git main 路径逐项核对；当前调用图、import 与路径残留搜索闭合；完整后端测试通过
DELETE-VERIFIED	main-old-core	src/core/manga_insight/task_models.py	L1-L221	旧应用编排已删除；仍需算法能力由当前 src/core、src/interfaces、src/shared 或 backend_v2 直接拥有	Git main 路径逐项核对；当前调用图、import 与路径残留搜索闭合；完整后端测试通过
DELETE-VERIFIED	main-old-core	src/core/manga_insight/utils/text_formatter.py	L1-L175	旧应用编排已删除；仍需算法能力由当前 src/core、src/interfaces、src/shared 或 backend_v2 直接拥有	Git main 路径逐项核对；当前调用图、import 与路径残留搜索闭合；完整后端测试通过
DELETE-VERIFIED	main-old-core	src/core/manga_insight/vector_store.py	L1-L457	旧应用编排已删除；仍需算法能力由当前 src/core、src/interfaces、src/shared 或 backend_v2 直接拥有	Git main 路径逐项核对；当前调用图、import 与路径残留搜索闭合；完整后端测试通过
DELETE-VERIFIED	main-old-core	src/core/page_storage.py	L1-L559	旧应用编排已删除；仍需算法能力由当前 src/core、src/interfaces、src/shared 或 backend_v2 直接拥有	Git main 路径逐项核对；当前调用图、import 与路径残留搜索闭合；完整后端测试通过
DELETE-VERIFIED	main-old-core	src/core/plugin_agent/plugin_builder_skill.md	L1-L170	旧应用编排已删除；仍需算法能力由当前 src/core、src/interfaces、src/shared 或 backend_v2 直接拥有	Git main 路径逐项核对；当前调用图、import 与路径残留搜索闭合；完整后端测试通过
DELETE-VERIFIED	main-old-core	src/core/plugin_agent/runtime.py	L1-L492	旧应用编排已删除；仍需算法能力由当前 src/core、src/interfaces、src/shared 或 backend_v2 直接拥有	Git main 路径逐项核对；当前调用图、import 与路径残留搜索闭合；完整后端测试通过
DELETE-VERIFIED	main-old-core	src/core/plugin_agent/skill.py	L1-L89	旧应用编排已删除；仍需算法能力由当前 src/core、src/interfaces、src/shared 或 backend_v2 直接拥有	Git main 路径逐项核对；当前调用图、import 与路径残留搜索闭合；完整后端测试通过
DELETE-VERIFIED	main-old-core	src/core/plugin_agent/tools.py	L1-L155	旧应用编排已删除；仍需算法能力由当前 src/core、src/interfaces、src/shared 或 backend_v2 直接拥有	Git main 路径逐项核对；当前调用图、import 与路径残留搜索闭合；完整后端测试通过
DELETE-VERIFIED	main-old-core	src/core/quadrilateral.py	L1-L1	旧应用编排已删除；仍需算法能力由当前 src/core、src/interfaces、src/shared 或 backend_v2 直接拥有	Git main 路径逐项核对；当前调用图、import 与路径残留搜索闭合；完整后端测试通过
DELETE-VERIFIED	main-old-core	src/core/session_manager.py	L1-L595	旧应用编排已删除；仍需算法能力由当前 src/core、src/interfaces、src/shared 或 backend_v2 直接拥有	Git main 路径逐项核对；当前调用图、import 与路径残留搜索闭合；完整后端测试通过
DELETE-VERIFIED	main-old-core	src/core/translation_constraints.py	L1-L450	旧应用编排已删除；仍需算法能力由当前 src/core、src/interfaces、src/shared 或 backend_v2 直接拥有	Git main 路径逐项核对；当前调用图、import 与路径残留搜索闭合；完整后端测试通过
DELETE-VERIFIED	main-old-core	src/core/types_enhanced.py	L1-L132	旧应用编排已删除；仍需算法能力由当前 src/core、src/interfaces、src/shared 或 backend_v2 直接拥有	Git main 路径逐项核对；当前调用图、import 与路径残留搜索闭合；完整后端测试通过
DELETE-VERIFIED	main-old-core	src/core/web_import/gallery_dl_runner.py	L1-L486	旧应用编排已删除；仍需算法能力由当前 src/core、src/interfaces、src/shared 或 backend_v2 直接拥有	Git main 路径逐项核对；当前调用图、import 与路径残留搜索闭合；完整后端测试通过
DELETE-VERIFIED	main-old-core	src/core/web_import/image_downloader.py	L1-L362	旧应用编排已删除；仍需算法能力由当前 src/core、src/interfaces、src/shared 或 backend_v2 直接拥有	Git main 路径逐项核对；当前调用图、import 与路径残留搜索闭合；完整后端测试通过
DELETE-VERIFIED	main-old-core	src/core/web_import/image_processor.py	L1-L267	旧应用编排已删除；仍需算法能力由当前 src/core、src/interfaces、src/shared 或 backend_v2 直接拥有	Git main 路径逐项核对；当前调用图、import 与路径残留搜索闭合；完整后端测试通过
DELETE-VERIFIED	main-old-core	src/interfaces/ctd/utils/weight_init.py	L1-L103	旧应用编排已删除；仍需算法能力由当前 src/core、src/interfaces、src/shared 或 backend_v2 直接拥有	Git main 路径逐项核对；当前调用图、import 与路径残留搜索闭合；完整后端测试通过
DELETE-VERIFIED	main-old-core	src/interfaces/paddle_ocr_interface.py	L1-L43	旧应用编排已删除；仍需算法能力由当前 src/core、src/interfaces、src/shared 或 backend_v2 直接拥有	Git main 路径逐项核对；当前调用图、import 与路径残留搜索闭合；完整后端测试通过
DELETE-VERIFIED	main-old-core	src/plugins/__init__.py	L1-L1	旧应用编排已删除；仍需算法能力由当前 src/core、src/interfaces、src/shared 或 backend_v2 直接拥有	Git main 路径逐项核对；当前调用图、import 与路径残留搜索闭合；完整后端测试通过
DELETE-VERIFIED	main-old-core	src/plugins/base.py	L1-L222	旧应用编排已删除；仍需算法能力由当前 src/core、src/interfaces、src/shared 或 backend_v2 直接拥有	Git main 路径逐项核对；当前调用图、import 与路径残留搜索闭合；完整后端测试通过
DELETE-VERIFIED	main-old-core	src/plugins/hooks.py	L1-L105	旧应用编排已删除；仍需算法能力由当前 src/core、src/interfaces、src/shared 或 backend_v2 直接拥有	Git main 路径逐项核对；当前调用图、import 与路径残留搜索闭合；完整后端测试通过
DELETE-VERIFIED	main-old-core	src/plugins/http_helpers.py	L1-L132	旧应用编排已删除；仍需算法能力由当前 src/core、src/interfaces、src/shared 或 backend_v2 直接拥有	Git main 路径逐项核对；当前调用图、import 与路径残留搜索闭合；完整后端测试通过
DELETE-VERIFIED	main-old-core	src/plugins/manager.py	L1-L1174	旧应用编排已删除；仍需算法能力由当前 src/core、src/interfaces、src/shared 或 backend_v2 直接拥有	Git main 路径逐项核对；当前调用图、import 与路径残留搜索闭合；完整后端测试通过
DELETE-VERIFIED	main-old-core	src/plugins/package_io.py	L1-L214	旧应用编排已删除；仍需算法能力由当前 src/core、src/interfaces、src/shared 或 backend_v2 直接拥有	Git main 路径逐项核对；当前调用图、import 与路径残留搜索闭合；完整后端测试通过
DELETE-VERIFIED	main-old-core	src/shared/config_loader.py	L1-L177	旧应用编排已删除；仍需算法能力由当前 src/core、src/interfaces、src/shared 或 backend_v2 直接拥有	Git main 路径逐项核对；当前调用图、import 与路径残留搜索闭合；完整后端测试通过
DELETE-VERIFIED	main-old-core	src/shared/exceptions.py	L1-L159	旧应用编排已删除；仍需算法能力由当前 src/core、src/interfaces、src/shared 或 backend_v2 直接拥有	Git main 路径逐项核对；当前调用图、import 与路径残留搜索闭合；完整后端测试通过
DELETE-VERIFIED	main-old-core	src/shared/performance.py	L1-L198	旧应用编排已删除；仍需算法能力由当前 src/core、src/interfaces、src/shared 或 backend_v2 直接拥有	Git main 路径逐项核对；当前调用图、import 与路径残留搜索闭合；完整后端测试通过
DELETE-VERIFIED	main-old-core	src/shared/types.py	L1-L57	旧应用编排已删除；仍需算法能力由当前 src/core、src/interfaces、src/shared 或 backend_v2 直接拥有	Git main 路径逐项核对；当前调用图、import 与路径残留搜索闭合；完整后端测试通过
DELETE-VERIFIED	main-old-core	src/shared/validators.py	L1-L259	旧应用编排已删除；仍需算法能力由当前 src/core、src/interfaces、src/shared 或 backend_v2 直接拥有	Git main 路径逐项核对；当前调用图、import 与路径残留搜索闭合；完整后端测试通过
DELETE-VERIFIED	main-old-core	src/utils/performance_monitor.py	L1-L179	旧应用编排已删除；仍需算法能力由当前 src/core、src/interfaces、src/shared 或 backend_v2 直接拥有	Git main 路径逐项核对；当前调用图、import 与路径残留搜索闭合；完整后端测试通过
DELETE-VERIFIED	main-old-frontend	vue-frontend/src/api/config.ts	L1-L481	旧页面、组件与 API 已由当前 Vue 路由、组件 owner 和生成静态前端替代	Git main 路径逐项核对；当前页面组件图、完整前端测试与 Playwright 视觉回归通过
DELETE-VERIFIED	main-old-frontend	vue-frontend/src/api/index.ts	L1-L42	旧页面、组件与 API 已由当前 Vue 路由、组件 owner 和生成静态前端替代	Git main 路径逐项核对；当前页面组件图、完整前端测试与 Playwright 视觉回归通过
DELETE-VERIFIED	main-old-frontend	vue-frontend/src/api/pageStorage.ts	L1-L85	旧页面、组件与 API 已由当前 Vue 路由、组件 owner 和生成静态前端替代	Git main 路径逐项核对；当前页面组件图、完整前端测试与 Playwright 视觉回归通过
DELETE-VERIFIED	main-old-frontend	vue-frontend/src/api/parallelTranslate.ts	L1-L227	旧页面、组件与 API 已由当前 Vue 路由、组件 owner 和生成静态前端替代	Git main 路径逐项核对；当前页面组件图、完整前端测试与 Playwright 视觉回归通过
DELETE-VERIFIED	main-old-frontend	vue-frontend/src/api/pipeline.ts	L1-L95	旧页面、组件与 API 已由当前 Vue 路由、组件 owner 和生成静态前端替代	Git main 路径逐项核对；当前页面组件图、完整前端测试与 Playwright 视觉回归通过
DELETE-VERIFIED	main-old-frontend	vue-frontend/src/api/session.ts	L1-L107	旧页面、组件与 API 已由当前 Vue 路由、组件 owner 和生成静态前端替代	Git main 路径逐项核对；当前页面组件图、完整前端测试与 Playwright 视觉回归通过
DELETE-VERIFIED	main-old-frontend	vue-frontend/src/api/system.ts	L1-L261	旧页面、组件与 API 已由当前 Vue 路由、组件 owner 和生成静态前端替代	Git main 路径逐项核对；当前页面组件图、完整前端测试与 Playwright 视觉回归通过
DELETE-VERIFIED	main-old-frontend	vue-frontend/src/api/translate.ts	L1-L306	旧页面、组件与 API 已由当前 Vue 路由、组件 owner 和生成静态前端替代	Git main 路径逐项核对；当前页面组件图、完整前端测试与 Playwright 视觉回归通过
DELETE-VERIFIED	main-old-frontend	vue-frontend/src/api/webImport.ts	L1-L209	旧页面、组件与 API 已由当前 Vue 路由、组件 owner 和生成静态前端替代	Git main 路径逐项核对；当前页面组件图、完整前端测试与 Playwright 视觉回归通过
DELETE-VERIFIED	main-old-frontend	vue-frontend/src/components/common/AppHeader.vue	L1-L436	旧页面、组件与 API 已由当前 Vue 路由、组件 owner 和生成静态前端替代	Git main 路径逐项核对；当前页面组件图、完整前端测试与 Playwright 视觉回归通过
DELETE-VERIFIED	main-old-frontend	vue-frontend/src/components/common/CollapsiblePanel.vue	L1-L298	旧页面、组件与 API 已由当前 Vue 路由、组件 owner 和生成静态前端替代	Git main 路径逐项核对；当前页面组件图、完整前端测试与 Playwright 视觉回归通过
DELETE-VERIFIED	main-old-frontend	vue-frontend/src/components/common/CustomSelect.vue	L1-L370	旧页面、组件与 API 已由当前 Vue 路由、组件 owner 和生成静态前端替代	Git main 路径逐项核对；当前页面组件图、完整前端测试与 Playwright 视觉回归通过
DELETE-VERIFIED	main-old-frontend	vue-frontend/src/components/common/FirstTimeGuide.vue	L1-L263	旧页面、组件与 API 已由当前 Vue 路由、组件 owner 和生成静态前端替代	Git main 路径逐项核对；当前页面组件图、完整前端测试与 Playwright 视觉回归通过
DELETE-VERIFIED	main-old-frontend	vue-frontend/src/components/common/ProgressBar.vue	L1-L96	旧页面、组件与 API 已由当前 Vue 路由、组件 owner 和生成静态前端替代	Git main 路径逐项核对；当前页面组件图、完整前端测试与 Playwright 视觉回归通过
DELETE-VERIFIED	main-old-frontend	vue-frontend/src/components/insight/settings/index.ts	L1-L13	旧页面、组件与 API 已由当前 Vue 路由、组件 owner 和生成静态前端替代	Git main 路径逐项核对；当前页面组件图、完整前端测试与 Playwright 视觉回归通过
DELETE-VERIFIED	main-old-frontend	vue-frontend/src/components/insight/studio/StudioSectionTabs.vue	L1-L73	旧页面、组件与 API 已由当前 Vue 路由、组件 owner 和生成静态前端替代	Git main 路径逐项核对；当前页面组件图、完整前端测试与 Playwright 视觉回归通过
DELETE-VERIFIED	main-old-frontend	vue-frontend/src/components/settings/index.ts	L1-L14	旧页面、组件与 API 已由当前 Vue 路由、组件 owner 和生成静态前端替代	Git main 路径逐项核对；当前页面组件图、完整前端测试与 Playwright 视觉回归通过
DELETE-VERIFIED	main-old-frontend	vue-frontend/src/composables/index.ts	L1-L29	旧页面、组件与 API 已由当前 Vue 路由、组件 owner 和生成静态前端替代	Git main 路径逐项核对；当前页面组件图、完整前端测试与 Playwright 视觉回归通过
DELETE-VERIFIED	main-old-frontend	vue-frontend/src/composables/translation/core/atomicSteps.ts	L1-L241	旧页面、组件与 API 已由当前 Vue 路由、组件 owner 和生成静态前端替代	Git main 路径逐项核对；当前页面组件图、完整前端测试与 Playwright 视觉回归通过
DELETE-VERIFIED	main-old-frontend	vue-frontend/src/composables/translation/core/detectionResultWriter.ts	L1-L37	旧页面、组件与 API 已由当前 Vue 路由、组件 owner 和生成静态前端替代	Git main 路径逐项核对；当前页面组件图、完整前端测试与 Playwright 视觉回归通过
DELETE-VERIFIED	main-old-frontend	vue-frontend/src/composables/translation/core/index.ts	L1-L12	旧页面、组件与 API 已由当前 Vue 路由、组件 owner 和生成静态前端替代	Git main 路径逐项核对；当前页面组件图、完整前端测试与 Playwright 视觉回归通过
DELETE-VERIFIED	main-old-frontend	vue-frontend/src/composables/translation/core/persistenceService.ts	L1-L306	旧页面、组件与 API 已由当前 Vue 路由、组件 owner 和生成静态前端替代	Git main 路径逐项核对；当前页面组件图、完整前端测试与 Playwright 视觉回归通过
DELETE-VERIFIED	main-old-frontend	vue-frontend/src/composables/translation/core/pipeline.ts	L1-L423	旧页面、组件与 API 已由当前 Vue 路由、组件 owner 和生成静态前端替代	Git main 路径逐项核对；当前页面组件图、完整前端测试与 Playwright 视觉回归通过
DELETE-VERIFIED	main-old-frontend	vue-frontend/src/composables/translation/core/pipelineRegistry.ts	L1-L101	旧页面、组件与 API 已由当前 Vue 路由、组件 owner 和生成静态前端替代	Git main 路径逐项核对；当前页面组件图、完整前端测试与 Playwright 视觉回归通过
DELETE-VERIFIED	main-old-frontend	vue-frontend/src/composables/translation/core/progressManager.ts	L1-L77	旧页面、组件与 API 已由当前 Vue 路由、组件 owner 和生成静态前端替代	Git main 路径逐项核对；当前页面组件图、完整前端测试与 Playwright 视觉回归通过
DELETE-VERIFIED	main-old-frontend	vue-frontend/src/composables/translation/core/runtime.ts	L1-L256	旧页面、组件与 API 已由当前 Vue 路由、组件 owner 和生成静态前端替代	Git main 路径逐项核对；当前页面组件图、完整前端测试与 Playwright 视觉回归通过
DELETE-VERIFIED	main-old-frontend	vue-frontend/src/composables/translation/core/saveStep.ts	L1-L216	旧页面、组件与 API 已由当前 Vue 路由、组件 owner 和生成静态前端替代	Git main 路径逐项核对；当前页面组件图、完整前端测试与 Playwright 视觉回归通过
DELETE-VERIFIED	main-old-frontend	vue-frontend/src/composables/translation/core/SequentialPipeline.ts	L1-L471	旧页面、组件与 API 已由当前 Vue 路由、组件 owner 和生成静态前端替代	Git main 路径逐项核对；当前页面组件图、完整前端测试与 Playwright 视觉回归通过
DELETE-VERIFIED	main-old-frontend	vue-frontend/src/composables/translation/core/steps/aiTranslate.ts	L1-L284	旧页面、组件与 API 已由当前 Vue 路由、组件 owner 和生成静态前端替代	Git main 路径逐项核对；当前页面组件图、完整前端测试与 Playwright 视觉回归通过
DELETE-VERIFIED	main-old-frontend	vue-frontend/src/composables/translation/core/steps/autoGlossary.ts	L1-L144	旧页面、组件与 API 已由当前 Vue 路由、组件 owner 和生成静态前端替代	Git main 路径逐项核对；当前页面组件图、完整前端测试与 Playwright 视觉回归通过
DELETE-VERIFIED	main-old-frontend	vue-frontend/src/composables/translation/core/steps/color.ts	L1-L70	旧页面、组件与 API 已由当前 Vue 路由、组件 owner 和生成静态前端替代	Git main 路径逐项核对；当前页面组件图、完整前端测试与 Playwright 视觉回归通过
DELETE-VERIFIED	main-old-frontend	vue-frontend/src/composables/translation/core/steps/detection.ts	L1-L198	旧页面、组件与 API 已由当前 Vue 路由、组件 owner 和生成静态前端替代	Git main 路径逐项核对；当前页面组件图、完整前端测试与 Playwright 视觉回归通过
DELETE-VERIFIED	main-old-frontend	vue-frontend/src/composables/translation/core/steps/index.ts	L1-L12	旧页面、组件与 API 已由当前 Vue 路由、组件 owner 和生成静态前端替代	Git main 路径逐项核对；当前页面组件图、完整前端测试与 Playwright 视觉回归通过
DELETE-VERIFIED	main-old-frontend	vue-frontend/src/composables/translation/core/steps/inpaint.ts	L1-L67	旧页面、组件与 API 已由当前 Vue 路由、组件 owner 和生成静态前端替代	Git main 路径逐项核对；当前页面组件图、完整前端测试与 Playwright 视觉回归通过
DELETE-VERIFIED	main-old-frontend	vue-frontend/src/composables/translation/core/steps/ocr.ts	L1-L94	旧页面、组件与 API 已由当前 Vue 路由、组件 owner 和生成静态前端替代	Git main 路径逐项核对；当前页面组件图、完整前端测试与 Playwright 视觉回归通过
DELETE-VERIFIED	main-old-frontend	vue-frontend/src/composables/translation/core/steps/render.ts	L1-L213	旧页面、组件与 API 已由当前 Vue 路由、组件 owner 和生成静态前端替代	Git main 路径逐项核对；当前页面组件图、完整前端测试与 Playwright 视觉回归通过
DELETE-VERIFIED	main-old-frontend	vue-frontend/src/composables/translation/core/steps/translate.ts	L1-L219	旧页面、组件与 API 已由当前 Vue 路由、组件 owner 和生成静态前端替代	Git main 路径逐项核对；当前页面组件图、完整前端测试与 Playwright 视觉回归通过
DELETE-VERIFIED	main-old-frontend	vue-frontend/src/composables/translation/core/taskProjector.ts	L1-L90	旧页面、组件与 API 已由当前 Vue 路由、组件 owner 和生成静态前端替代	Git main 路径逐项核对；当前页面组件图、完整前端测试与 Playwright 视觉回归通过
DELETE-VERIFIED	main-old-frontend	vue-frontend/src/composables/translation/core/types.ts	L1-L114	旧页面、组件与 API 已由当前 Vue 路由、组件 owner 和生成静态前端替代	Git main 路径逐项核对；当前页面组件图、完整前端测试与 Playwright 视觉回归通过
DELETE-VERIFIED	main-old-frontend	vue-frontend/src/composables/translation/index.ts	L1-L30	旧页面、组件与 API 已由当前 Vue 路由、组件 owner 和生成静态前端替代	Git main 路径逐项核对；当前页面组件图、完整前端测试与 Playwright 视觉回归通过
DELETE-VERIFIED	main-old-frontend	vue-frontend/src/composables/translation/modes/hqMode.ts	L1-L37	旧页面、组件与 API 已由当前 Vue 路由、组件 owner 和生成静态前端替代	Git main 路径逐项核对；当前页面组件图、完整前端测试与 Playwright 视觉回归通过
DELETE-VERIFIED	main-old-frontend	vue-frontend/src/composables/translation/modes/index.ts	L1-L10	旧页面、组件与 API 已由当前 Vue 路由、组件 owner 和生成静态前端替代	Git main 路径逐项核对；当前页面组件图、完整前端测试与 Playwright 视觉回归通过
DELETE-VERIFIED	main-old-frontend	vue-frontend/src/composables/translation/modes/proofreadMode.ts	L1-L37	旧页面、组件与 API 已由当前 Vue 路由、组件 owner 和生成静态前端替代	Git main 路径逐项核对；当前页面组件图、完整前端测试与 Playwright 视觉回归通过
DELETE-VERIFIED	main-old-frontend	vue-frontend/src/composables/translation/modes/removeTextMode.ts	L1-L29	旧页面、组件与 API 已由当前 Vue 路由、组件 owner 和生成静态前端替代	Git main 路径逐项核对；当前页面组件图、完整前端测试与 Playwright 视觉回归通过
DELETE-VERIFIED	main-old-frontend	vue-frontend/src/composables/translation/modes/standardMode.ts	L1-L29	旧页面、组件与 API 已由当前 Vue 路由、组件 owner 和生成静态前端替代	Git main 路径逐项核对；当前页面组件图、完整前端测试与 Playwright 视觉回归通过
DELETE-VERIFIED	main-old-frontend	vue-frontend/src/composables/translation/parallel/DeepLearningLock.ts	L1-L150	旧页面、组件与 API 已由当前 Vue 路由、组件 owner 和生成静态前端替代	Git main 路径逐项核对；当前页面组件图、完整前端测试与 Playwright 视觉回归通过
DELETE-VERIFIED	main-old-frontend	vue-frontend/src/composables/translation/parallel/index.ts	L1-L14	旧页面、组件与 API 已由当前 Vue 路由、组件 owner 和生成静态前端替代	Git main 路径逐项核对；当前页面组件图、完整前端测试与 Playwright 视觉回归通过
DELETE-VERIFIED	main-old-frontend	vue-frontend/src/composables/translation/parallel/ParallelPipeline.ts	L1-L275	旧页面、组件与 API 已由当前 Vue 路由、组件 owner 和生成静态前端替代	Git main 路径逐项核对；当前页面组件图、完整前端测试与 Playwright 视觉回归通过
DELETE-VERIFIED	main-old-frontend	vue-frontend/src/composables/translation/parallel/ParallelProgressTracker.ts	L1-L195	旧页面、组件与 API 已由当前 Vue 路由、组件 owner 和生成静态前端替代	Git main 路径逐项核对；当前页面组件图、完整前端测试与 Playwright 视觉回归通过
DELETE-VERIFIED	main-old-frontend	vue-frontend/src/composables/translation/parallel/pools/AutoGlossaryPool.ts	L1-L29	旧页面、组件与 API 已由当前 Vue 路由、组件 owner 和生成静态前端替代	Git main 路径逐项核对；当前页面组件图、完整前端测试与 Playwright 视觉回归通过
DELETE-VERIFIED	main-old-frontend	vue-frontend/src/composables/translation/parallel/pools/ColorPool.ts	L1-L39	旧页面、组件与 API 已由当前 Vue 路由、组件 owner 和生成静态前端替代	Git main 路径逐项核对；当前页面组件图、完整前端测试与 Playwright 视觉回归通过
DELETE-VERIFIED	main-old-frontend	vue-frontend/src/composables/translation/parallel/pools/DetectionPool.ts	L1-L31	旧页面、组件与 API 已由当前 Vue 路由、组件 owner 和生成静态前端替代	Git main 路径逐项核对；当前页面组件图、完整前端测试与 Playwright 视觉回归通过
DELETE-VERIFIED	main-old-frontend	vue-frontend/src/composables/translation/parallel/pools/index.ts	L1-L12	旧页面、组件与 API 已由当前 Vue 路由、组件 owner 和生成静态前端替代	Git main 路径逐项核对；当前页面组件图、完整前端测试与 Playwright 视觉回归通过
DELETE-VERIFIED	main-old-frontend	vue-frontend/src/composables/translation/parallel/pools/InpaintPool.ts	L1-L31	旧页面、组件与 API 已由当前 Vue 路由、组件 owner 和生成静态前端替代	Git main 路径逐项核对；当前页面组件图、完整前端测试与 Playwright 视觉回归通过
DELETE-VERIFIED	main-old-frontend	vue-frontend/src/composables/translation/parallel/pools/OcrPool.ts	L1-L40	旧页面、组件与 API 已由当前 Vue 路由、组件 owner 和生成静态前端替代	Git main 路径逐项核对；当前页面组件图、完整前端测试与 Playwright 视觉回归通过
DELETE-VERIFIED	main-old-frontend	vue-frontend/src/composables/translation/parallel/pools/RenderPool.ts	L1-L54	旧页面、组件与 API 已由当前 Vue 路由、组件 owner 和生成静态前端替代	Git main 路径逐项核对；当前页面组件图、完整前端测试与 Playwright 视觉回归通过
DELETE-VERIFIED	main-old-frontend	vue-frontend/src/composables/translation/parallel/pools/SavePool.ts	L1-L45	旧页面、组件与 API 已由当前 Vue 路由、组件 owner 和生成静态前端替代	Git main 路径逐项核对；当前页面组件图、完整前端测试与 Playwright 视觉回归通过
DELETE-VERIFIED	main-old-frontend	vue-frontend/src/composables/translation/parallel/pools/TranslatePool.ts	L1-L108	旧页面、组件与 API 已由当前 Vue 路由、组件 owner 和生成静态前端替代	Git main 路径逐项核对；当前页面组件图、完整前端测试与 Playwright 视觉回归通过
DELETE-VERIFIED	main-old-frontend	vue-frontend/src/composables/translation/parallel/ResultCollector.ts	L1-L154	旧页面、组件与 API 已由当前 Vue 路由、组件 owner 和生成静态前端替代	Git main 路径逐项核对；当前页面组件图、完整前端测试与 Playwright 视觉回归通过
DELETE-VERIFIED	main-old-frontend	vue-frontend/src/composables/translation/parallel/TaskPool.ts	L1-L210	旧页面、组件与 API 已由当前 Vue 路由、组件 owner 和生成静态前端替代	Git main 路径逐项核对；当前页面组件图、完整前端测试与 Playwright 视觉回归通过
DELETE-VERIFIED	main-old-frontend	vue-frontend/src/composables/translation/parallel/types.ts	L1-L80	旧页面、组件与 API 已由当前 Vue 路由、组件 owner 和生成静态前端替代	Git main 路径逐项核对；当前页面组件图、完整前端测试与 Playwright 视觉回归通过
DELETE-VERIFIED	main-old-frontend	vue-frontend/src/composables/translation/parallel/useParallelTranslation.ts	L1-L195	旧页面、组件与 API 已由当前 Vue 路由、组件 owner 和生成静态前端替代	Git main 路径逐项核对；当前页面组件图、完整前端测试与 Playwright 视觉回归通过
DELETE-VERIFIED	main-old-frontend	vue-frontend/src/composables/useImageConverter.ts	L1-L437	旧页面、组件与 API 已由当前 Vue 路由、组件 owner 和生成静态前端替代	Git main 路径逐项核对；当前页面组件图、完整前端测试与 Playwright 视觉回归通过
DELETE-VERIFIED	main-old-frontend	vue-frontend/src/stores/insight/index.ts	L1-L12	旧页面、组件与 API 已由当前 Vue 路由、组件 owner 和生成静态前端替代	Git main 路径逐项核对；当前页面组件图、完整前端测试与 Playwright 视觉回归通过
DELETE-VERIFIED	main-old-frontend	vue-frontend/src/stores/sessionStore.ts	L1-L710	旧页面、组件与 API 已由当前 Vue 路由、组件 owner 和生成静态前端替代	Git main 路径逐项核对；当前页面组件图、完整前端测试与 Playwright 视觉回归通过
DELETE-VERIFIED	main-old-frontend	vue-frontend/src/stores/settings.legacy-defaults.test.ts	L1-L46	旧页面、组件与 API 已由当前 Vue 路由、组件 owner 和生成静态前端替代	Git main 路径逐项核对；当前页面组件图、完整前端测试与 Playwright 视觉回归通过
DELETE-VERIFIED	main-old-frontend	vue-frontend/src/stores/settingsStore.ts	L1-L22	旧页面、组件与 API 已由当前 Vue 路由、组件 owner 和生成静态前端替代	Git main 路径逐项核对；当前页面组件图、完整前端测试与 Playwright 视觉回归通过
DELETE-VERIFIED	main-old-frontend	vue-frontend/src/styles/global.css	L1-L687	旧页面、组件与 API 已由当前 Vue 路由、组件 owner 和生成静态前端替代	Git main 路径逐项核对；当前页面组件图、完整前端测试与 Playwright 视觉回归通过
DELETE-VERIFIED	main-old-frontend	vue-frontend/src/types/insight/converters.ts	L1-L152	旧页面、组件与 API 已由当前 Vue 路由、组件 owner 和生成静态前端替代	Git main 路径逐项核对；当前页面组件图、完整前端测试与 Playwright 视觉回归通过
DELETE-VERIFIED	main-old-frontend	vue-frontend/src/types/insight/index.ts	L1-L11	旧页面、组件与 API 已由当前 Vue 路由、组件 owner 和生成静态前端替代	Git main 路径逐项核对；当前页面组件图、完整前端测试与 Playwright 视觉回归通过
DELETE-VERIFIED	main-old-frontend	vue-frontend/src/utils/colorUtils.ts	L1-L113	旧页面、组件与 API 已由当前 Vue 路由、组件 owner 和生成静态前端替代	Git main 路径逐项核对；当前页面组件图、完整前端测试与 Playwright 视觉回归通过
DELETE-VERIFIED	main-old-frontend	vue-frontend/src/utils/imageMetrics.ts	L1-L279	旧页面、组件与 API 已由当前 Vue 路由、组件 owner 和生成静态前端替代	Git main 路径逐项核对；当前页面组件图、完整前端测试与 Playwright 视觉回归通过
DELETE-VERIFIED	main-old-frontend	vue-frontend/src/utils/index.ts	L1-L58	旧页面、组件与 API 已由当前 Vue 路由、组件 owner 和生成静态前端替代	Git main 路径逐项核对；当前页面组件图、完整前端测试与 Playwright 视觉回归通过
DELETE-VERIFIED	main-old-frontend	vue-frontend/src/utils/maskMerger.ts	L1-L130	旧页面、组件与 API 已由当前 Vue 路由、组件 owner 和生成静态前端替代	Git main 路径逐项核对；当前页面组件图、完整前端测试与 Playwright 视觉回归通过
DELETE-VERIFIED	main-old-frontend	vue-frontend/src/utils/naturalSort.ts	L1-L90	旧页面、组件与 API 已由当前 Vue 路由、组件 owner 和生成静态前端替代	Git main 路径逐项核对；当前页面组件图、完整前端测试与 Playwright 视觉回归通过
DELETE-VERIFIED	main-old-frontend	vue-frontend/tests/property/api.property.ts	L1-L303	旧页面、组件与 API 已由当前 Vue 路由、组件 owner 和生成静态前端替代	Git main 路径逐项核对；当前页面组件图、完整前端测试与 Playwright 视觉回归通过
DELETE-VERIFIED	main-old-frontend	vue-frontend/tests/property/bubbleDetection.property.ts	L1-L721	旧页面、组件与 API 已由当前 Vue 路由、组件 owner 和生成静态前端替代	Git main 路径逐项核对；当前页面组件图、完整前端测试与 Playwright 视觉回归通过
DELETE-VERIFIED	main-old-frontend	vue-frontend/tests/property/chapterReorder.property.ts	L1-L162	旧页面、组件与 API 已由当前 Vue 路由、组件 owner 和生成静态前端替代	Git main 路径逐项核对；当前页面组件图、完整前端测试与 Playwright 视觉回归通过
DELETE-VERIFIED	main-old-frontend	vue-frontend/tests/property/collapsiblePanel.property.ts	L1-L463	旧页面、组件与 API 已由当前 Vue 路由、组件 owner 和生成静态前端替代	Git main 路径逐项核对；当前页面组件图、完整前端测试与 Playwright 视觉回归通过
DELETE-VERIFIED	main-old-frontend	vue-frontend/tests/property/imageConverter.property.ts	L1-L63	旧页面、组件与 API 已由当前 Vue 路由、组件 owner 和生成静态前端替代	Git main 路径逐项核对；当前页面组件图、完整前端测试与 Playwright 视觉回归通过
DELETE-VERIFIED	main-old-frontend	vue-frontend/tests/property/imageMetrics.property.ts	L1-L370	旧页面、组件与 API 已由当前 Vue 路由、组件 owner 和生成静态前端替代	Git main 路径逐项核对；当前页面组件图、完整前端测试与 Playwright 视觉回归通过
DELETE-VERIFIED	main-old-frontend	vue-frontend/tests/property/imageUpload.property.ts	L1-L256	旧页面、组件与 API 已由当前 Vue 路由、组件 owner 和生成静态前端替代	Git main 路径逐项核对；当前页面组件图、完整前端测试与 Playwright 视觉回归通过
DELETE-VERIFIED	main-old-frontend	vue-frontend/tests/property/insightNotes.property.ts	L1-L238	旧页面、组件与 API 已由当前 Vue 路由、组件 owner 和生成静态前端替代	Git main 路径逐项核对；当前页面组件图、完整前端测试与 Playwright 视觉回归通过
DELETE-VERIFIED	main-old-frontend	vue-frontend/tests/property/pdfParse.property.ts	L1-L303	旧页面、组件与 API 已由当前 Vue 路由、组件 owner 和生成静态前端替代	Git main 路径逐项核对；当前页面组件图、完整前端测试与 Playwright 视觉回归通过
DELETE-VERIFIED	main-old-frontend	vue-frontend/tests/property/rateLimiter.property.ts	L1-L428	旧页面、组件与 API 已由当前 Vue 路由、组件 owner 和生成静态前端替代	Git main 路径逐项核对；当前页面组件图、完整前端测试与 Playwright 视觉回归通过
DELETE-VERIFIED	main-old-frontend	vue-frontend/tests/property/responsive-breakpoints.property.ts	L1-L26	旧页面、组件与 API 已由当前 Vue 路由、组件 owner 和生成静态前端替代	Git main 路径逐项核对；当前页面组件图、完整前端测试与 Playwright 视觉回归通过
DELETE-VERIFIED	main-old-frontend	vue-frontend/tests/property/responsive-device.property.ts	L1-L91	旧页面、组件与 API 已由当前 Vue 路由、组件 owner 和生成静态前端替代	Git main 路径逐项核对；当前页面组件图、完整前端测试与 Playwright 视觉回归通过
DELETE-VERIFIED	main-old-frontend	vue-frontend/tests/property/responsive-layout.property.ts	L1-L61	旧页面、组件与 API 已由当前 Vue 路由、组件 owner 和生成静态前端替代	Git main 路径逐项核对；当前页面组件图、完整前端测试与 Playwright 视觉回归通过
DELETE-VERIFIED	main-old-frontend	vue-frontend/tests/property/routePath.property.ts	L1-L339	旧页面、组件与 API 已由当前 Vue 路由、组件 owner 和生成静态前端替代	Git main 路径逐项核对；当前页面组件图、完整前端测试与 Playwright 视觉回归通过
DELETE-VERIFIED	main-old-frontend	vue-frontend/tests/property/session-batch.property.ts	L1-L52	旧页面、组件与 API 已由当前 Vue 路由、组件 owner 和生成静态前端替代	Git main 路径逐项核对；当前页面组件图、完整前端测试与 Playwright 视觉回归通过
DELETE-VERIFIED	main-old-frontend	vue-frontend/tests/property/session-context.property.ts	L1-L146	旧页面、组件与 API 已由当前 Vue 路由、组件 owner 和生成静态前端替代	Git main 路径逐项核对；当前页面组件图、完整前端测试与 Playwright 视觉回归通过
DELETE-VERIFIED	main-old-frontend	vue-frontend/tests/property/session-data.property.ts	L1-L52	旧页面、组件与 API 已由当前 Vue 路由、组件 owner 和生成静态前端替代	Git main 路径逐项核对；当前页面组件图、完整前端测试与 Playwright 视觉回归通过
DELETE-VERIFIED	main-old-frontend	vue-frontend/tests/property/session-list.property.ts	L1-L61	旧页面、组件与 API 已由当前 Vue 路由、组件 owner 和生成静态前端替代	Git main 路径逐项核对；当前页面组件图、完整前端测试与 Playwright 视觉回归通过
DELETE-VERIFIED	main-old-frontend	vue-frontend/tests/property/tagBatch.property.ts	L1-L256	旧页面、组件与 API 已由当前 Vue 路由、组件 owner 和生成静态前端替代	Git main 路径逐项核对；当前页面组件图、完整前端测试与 Playwright 视觉回归通过
DELETE-VERIFIED	main-old-frontend	vue-frontend/tests/property/touch.property.ts	L1-L387	旧页面、组件与 API 已由当前 Vue 路由、组件 owner 和生成静态前端替代	Git main 路径逐项核对；当前页面组件图、完整前端测试与 Playwright 视觉回归通过
DELETE-VERIFIED	main-old-frontend	vue-frontend/tests/unit/aiTranslate.spec.ts	L1-L204	旧页面、组件与 API 已由当前 Vue 路由、组件 owner 和生成静态前端替代	Git main 路径逐项核对；当前页面组件图、完整前端测试与 Playwright 视觉回归通过
DELETE-VERIFIED	main-old-frontend	vue-frontend/tests/unit/atomicSteps.spec.ts	L1-L104	旧页面、组件与 API 已由当前 Vue 路由、组件 owner 和生成静态前端替代	Git main 路径逐项核对；当前页面组件图、完整前端测试与 Playwright 视觉回归通过
DELETE-VERIFIED	main-old-frontend	vue-frontend/tests/unit/autoGlossaryApi.spec.ts	L1-L49	旧页面、组件与 API 已由当前 Vue 路由、组件 owner 和生成静态前端替代	Git main 路径逐项核对；当前页面组件图、完整前端测试与 Playwright 视觉回归通过
DELETE-VERIFIED	main-old-frontend	vue-frontend/tests/unit/autoGlossaryStep.spec.ts	L1-L104	旧页面、组件与 API 已由当前 Vue 路由、组件 owner 和生成静态前端替代	Git main 路径逐项核对；当前页面组件图、完整前端测试与 Playwright 视觉回归通过
DELETE-VERIFIED	main-old-frontend	vue-frontend/tests/unit/config.textStyleDefaults.api.spec.ts	L1-L51	旧页面、组件与 API 已由当前 Vue 路由、组件 owner 和生成静态前端替代	Git main 路径逐项核对；当前页面组件图、完整前端测试与 Playwright 视觉回归通过
DELETE-VERIFIED	main-old-frontend	vue-frontend/tests/unit/detectionStepSaberRefine.spec.ts	L1-L101	旧页面、组件与 API 已由当前 Vue 路由、组件 owner 和生成静态前端替代	Git main 路径逐项核对；当前页面组件图、完整前端测试与 Playwright 视觉回归通过
DELETE-VERIFIED	main-old-frontend	vue-frontend/tests/unit/insight-view.polling.spec.ts	L1-L106	旧页面、组件与 API 已由当前 Vue 路由、组件 owner 和生成静态前端替代	Git main 路径逐项核对；当前页面组件图、完整前端测试与 Playwright 视觉回归通过
DELETE-VERIFIED	main-old-frontend	vue-frontend/tests/unit/ocrResult.spec.ts	L1-L283	旧页面、组件与 API 已由当前 Vue 路由、组件 owner 和生成静态前端替代	Git main 路径逐项核对；当前页面组件图、完整前端测试与 Playwright 视觉回归通过
DELETE-VERIFIED	main-old-frontend	vue-frontend/tests/unit/pageSelectionConfig.spec.ts	L1-L36	旧页面、组件与 API 已由当前 Vue 路由、组件 owner 和生成静态前端替代	Git main 路径逐项核对；当前页面组件图、完整前端测试与 Playwright 视觉回归通过
DELETE-VERIFIED	main-old-frontend	vue-frontend/tests/unit/parallelPipeline.spec.ts	L1-L130	旧页面、组件与 API 已由当前 Vue 路由、组件 owner 和生成静态前端替代	Git main 路径逐项核对；当前页面组件图、完整前端测试与 Playwright 视觉回归通过
DELETE-VERIFIED	main-old-frontend	vue-frontend/tests/unit/parallelSaveFlow.spec.ts	L1-L135	旧页面、组件与 API 已由当前 Vue 路由、组件 owner 和生成静态前端替代	Git main 路径逐项核对；当前页面组件图、完整前端测试与 Playwright 视觉回归通过
DELETE-VERIFIED	main-old-frontend	vue-frontend/tests/unit/persistenceService.spec.ts	L1-L361	旧页面、组件与 API 已由当前 Vue 路由、组件 owner 和生成静态前端替代	Git main 路径逐项核对；当前页面组件图、完整前端测试与 Playwright 视觉回归通过
DELETE-VERIFIED	main-old-frontend	vue-frontend/tests/unit/pipeline.api.spec.ts	L1-L48	旧页面、组件与 API 已由当前 Vue 路由、组件 owner 和生成静态前端替代	Git main 路径逐项核对；当前页面组件图、完整前端测试与 Playwright 视觉回归通过
DELETE-VERIFIED	main-old-frontend	vue-frontend/tests/unit/pipeline.validation.spec.ts	L1-L123	旧页面、组件与 API 已由当前 Vue 路由、组件 owner 和生成静态前端替代	Git main 路径逐项核对；当前页面组件图、完整前端测试与 Playwright 视觉回归通过
DELETE-VERIFIED	main-old-frontend	vue-frontend/tests/unit/pipelineRegistry.spec.ts	L1-L124	旧页面、组件与 API 已由当前 Vue 路由、组件 owner 和生成静态前端替代	Git main 路径逐项核对；当前页面组件图、完整前端测试与 Playwright 视觉回归通过
DELETE-VERIFIED	main-old-frontend	vue-frontend/tests/unit/renderPool.spec.ts	L1-L220	旧页面、组件与 API 已由当前 Vue 路由、组件 owner 和生成静态前端替代	Git main 路径逐项核对；当前页面组件图、完整前端测试与 Playwright 视觉回归通过
DELETE-VERIFIED	main-old-frontend	vue-frontend/tests/unit/renderStep.spec.ts	L1-L586	旧页面、组件与 API 已由当前 Vue 路由、组件 owner 和生成静态前端替代	Git main 路径逐项核对；当前页面组件图、完整前端测试与 Playwright 视觉回归通过
DELETE-VERIFIED	main-old-frontend	vue-frontend/tests/unit/saveStep.bookshelfPersistence.spec.ts	L1-L128	旧页面、组件与 API 已由当前 Vue 路由、组件 owner 和生成静态前端替代	Git main 路径逐项核对；当前页面组件图、完整前端测试与 Playwright 视觉回归通过
DELETE-VERIFIED	main-old-frontend	vue-frontend/tests/unit/sequentialPipeline.status.spec.ts	L1-L94	旧页面、组件与 API 已由当前 Vue 路由、组件 owner 和生成静态前端替代	Git main 路径逐项核对；当前页面组件图、完整前端测试与 Playwright 视觉回归通过
DELETE-VERIFIED	main-old-frontend	vue-frontend/tests/unit/sequentialPipeline.validation.spec.ts	L1-L112	旧页面、组件与 API 已由当前 Vue 路由、组件 owner 和生成静态前端替代	Git main 路径逐项核对；当前页面组件图、完整前端测试与 Playwright 视觉回归通过
DELETE-VERIFIED	main-old-frontend	vue-frontend/tests/unit/sessionStore.saveChapterSession.spec.ts	L1-L41	旧页面、组件与 API 已由当前 Vue 路由、组件 owner 和生成静态前端替代	Git main 路径逐项核对；当前页面组件图、完整前端测试与 Playwright 视觉回归通过
DELETE-VERIFIED	main-old-frontend	vue-frontend/tests/unit/settingsStoreDeprecatedConfig.spec.ts	L1-L154	旧页面、组件与 API 已由当前 Vue 路由、组件 owner 和生成静态前端替代	Git main 路径逐项核对；当前页面组件图、完整前端测试与 Playwright 视觉回归通过
DELETE-VERIFIED	main-old-frontend	vue-frontend/tests/unit/settingsStoreLegacyDetector.spec.ts	L1-L65	旧页面、组件与 API 已由当前 Vue 路由、组件 owner 和生成静态前端替代	Git main 路径逐项核对；当前页面组件图、完整前端测试与 Playwright 视觉回归通过
DELETE-VERIFIED	main-old-frontend	vue-frontend/tests/unit/taskProjector.spec.ts	L1-L97	旧页面、组件与 API 已由当前 Vue 路由、组件 owner 和生成静态前端替代	Git main 路径逐项核对；当前页面组件图、完整前端测试与 Playwright 视觉回归通过
DELETE-VERIFIED	main-old-frontend	vue-frontend/tests/unit/textDetectors.spec.ts	L1-L9	旧页面、组件与 API 已由当前 Vue 路由、组件 owner 和生成静态前端替代	Git main 路径逐项核对；当前页面组件图、完整前端测试与 Playwright 视觉回归通过
DELETE-VERIFIED	main-old-frontend	vue-frontend/tests/unit/translatePool.spec.ts	L1-L141	旧页面、组件与 API 已由当前 Vue 路由、组件 owner 和生成静态前端替代	Git main 路径逐项核对；当前页面组件图、完整前端测试与 Playwright 视觉回归通过
DELETE-VERIFIED	main-old-frontend	vue-frontend/tests/unit/translateStep.spec.ts	L1-L251	旧页面、组件与 API 已由当前 Vue 路由、组件 owner 和生成静态前端替代	Git main 路径逐项核对；当前页面组件图、完整前端测试与 Playwright 视觉回归通过
DELETE-VERIFIED	main-old-frontend	vue-frontend/tests/unit/translateWorkflowPreferences.api.spec.ts	L1-L51	旧页面、组件与 API 已由当前 Vue 路由、组件 owner 和生成静态前端替代	Git main 路径逐项核对；当前页面组件图、完整前端测试与 Playwright 视觉回归通过
DELETE-VERIFIED	main-other	.ace-tool/index.json	L1-L672	旧工具索引、配置或入口不属于当前架构，已删除且无运行时消费者	Git main 路径逐项核对；当前入口、配置、打包和残留搜索闭合
DELETE-VERIFIED	main-other	app.py	L1-L365	旧工具索引、配置或入口不属于当前架构，已删除且无运行时消费者	Git main 路径逐项核对；当前入口、配置、打包和残留搜索闭合
DELETE-VERIFIED	main-other	package-lock.json	L1-L6	旧工具索引、配置或入口不属于当前架构，已删除且无运行时消费者	Git main 路径逐项核对；当前入口、配置、打包和残留搜索闭合
DELETE-VERIFIED	main-other	tests_backend/manga_insight_regression.py	L1-L1436	旧工具索引、配置或入口不属于当前架构，已删除且无运行时消费者	Git main 路径逐项核对；当前入口、配置、打包和残留搜索闭合
DELETE-VERIFIED	main-other	tests_backend/test_bookshelf_translation_constraints.py	L1-L288	旧工具索引、配置或入口不属于当前架构，已删除且无运行时消费者	Git main 路径逐项核对；当前入口、配置、打包和残留搜索闭合
DELETE-VERIFIED	main-other	tests_backend/test_hq_translation_rpm.py	L1-L230	旧工具索引、配置或入口不属于当前架构，已删除且无运行时消费者	Git main 路径逐项核对；当前入口、配置、打包和残留搜索闭合
DELETE-VERIFIED	main-other	tests_backend/test_lama_api_contract.py	L1-L39	旧工具索引、配置或入口不属于当前架构，已删除且无运行时消费者	Git main 路径逐项核对；当前入口、配置、打包和残留搜索闭合
DELETE-VERIFIED	main-other	tests_backend/test_manga_insight_character_studio.py	L1-L1487	旧工具索引、配置或入口不属于当前架构，已删除且无运行时消费者	Git main 路径逐项核对；当前入口、配置、打包和残留搜索闭合
DELETE-VERIFIED	main-other	tests_backend/test_manga_insight_continuation.py	L1-L834	旧工具索引、配置或入口不属于当前架构，已删除且无运行时消费者	Git main 路径逐项核对；当前入口、配置、打包和残留搜索闭合
DELETE-VERIFIED	main-other	tests_backend/test_manga_insight_embedding_builder.py	L1-L226	旧工具索引、配置或入口不属于当前架构，已删除且无运行时消费者	Git main 路径逐项核对；当前入口、配置、打包和残留搜索闭合
DELETE-VERIFIED	main-other	tests_backend/test_manga_insight_rebuild_embeddings_task.py	L1-L191	旧工具索引、配置或入口不属于当前架构，已删除且无运行时消费者	Git main 路径逐项核对；当前入口、配置、打包和残留搜索闭合
DELETE-VERIFIED	main-other	tests_backend/test_manga_insight_structured_json_adoption.py	L1-L180	旧工具索引、配置或入口不属于当前架构，已删除且无运行时消费者	Git main 路径逐项核对；当前入口、配置、打包和残留搜索闭合
DELETE-VERIFIED	main-other	tests_backend/test_plugin_agent_api.py	L1-L743	旧工具索引、配置或入口不属于当前架构，已删除且无运行时消费者	Git main 路径逐项核对；当前入口、配置、打包和残留搜索闭合
DELETE-VERIFIED	main-other	tests_backend/test_plugin_package_io.py	L1-L450	旧工具索引、配置或入口不属于当前架构，已删除且无运行时消费者	Git main 路径逐项核对；当前入口、配置、打包和残留搜索闭合
DELETE-VERIFIED	main-other	tests_backend/test_plugin_runtime_paths.py	L1-L148	旧工具索引、配置或入口不属于当前架构，已删除且无运行时消费者	Git main 路径逐项核对；当前入口、配置、打包和残留搜索闭合
DELETE-VERIFIED	main-other	tests_backend/test_rendering_lama_mapping.py	L1-L34	旧工具索引、配置或入口不属于当前架构，已删除且无运行时消费者	Git main 路径逐项核对；当前入口、配置、打包和残留搜索闭合
DELETE-VERIFIED	main-other	tests_backend/test_saber_yolo_detection_integration.py	L1-L297	旧工具索引、配置或入口不属于当前架构，已删除且无运行时消费者	Git main 路径逐项核对；当前入口、配置、打包和残留搜索闭合
DELETE-VERIFIED	main-other	tests_backend/test_translate_workflow_preferences_api.py	L1-L122	旧工具索引、配置或入口不属于当前架构，已删除且无运行时消费者	Git main 路径逐项核对；当前入口、配置、打包和残留搜索闭合
DELETE-VERIFIED	main-other	tests_backend/test_translation_constraints.py	L1-L147	旧工具索引、配置或入口不属于当前架构，已删除且无运行时消费者	Git main 路径逐项核对；当前入口、配置、打包和残留搜索闭合
DELETE-VERIFIED	main-other	tests_backend/test_translation_routes_constraints.py	L1-L471	旧工具索引、配置或入口不属于当前架构，已删除且无运行时消费者	Git main 路径逐项核对；当前入口、配置、打包和残留搜索闭合
DELETE-VERIFIED	main-other	tests_backend/test_user_settings_cleanup.py	L1-L105	旧工具索引、配置或入口不属于当前架构，已删除且无运行时消费者	Git main 路径逐项核对；当前入口、配置、打包和残留搜索闭合
DELETE-VERIFIED	main-other	tests_backend/test_web_import_settings_api.py	L1-L113	旧工具索引、配置或入口不属于当前架构，已删除且无运行时消费者	Git main 路径逐项核对；当前入口、配置、打包和残留搜索闭合
DELETE-VERIFIED	main-other	plugins/pipeline_lifecycle_plugin/__init__.py	L1-L1	示例插件按当前 v3 清单直接解析 plugin.py:Plugin，不再依赖 Python 包导出	Git main 文件逐行核对；当前 plugin.json/入口闭合，包初始化文件不存在且无导入残留
DELETE-VERIFIED	main-other	plugins/style_mutation_plugin/__init__.py	L1-L2	示例插件按当前 v3 清单直接解析 plugin.py:Plugin，不再依赖 Python 包导出	Git main 文件逐行核对；当前 plugin.json/入口闭合，包初始化文件不存在且无导入残留
DELETE-VERIFIED	main-other	plugins/text_mutation_plugin/__init__.py	L1-L2	示例插件按当前 v3 清单直接解析 plugin.py:Plugin，不再依赖 Python 包导出	Git main 文件逐行核对；当前 plugin.json/入口闭合，包初始化文件不存在且无导入残留
DELETE-VERIFIED	main-old-core	src/core/manga_insight/clients/base_client.py	L1-L113	旧 Insight 客户端基类由当前 provider_runtime 与共享 ai_transport/openai_execution 直接拥有	Git main 文件逐行核对；BaseAPIClient/RPMLimiter 旧导入残留为 0，当前 Provider/Insight transport 测试通过
DELETE-VERIFIED	main-old-core	src/core/manga_insight/config/__init__.py	L1-L12	宽松 SerializableMixin 配置包已由当前精确 config_models/settings 契约取代	Git main 文件逐行核对；当前树无 config 包消费者，不保留旧数据反序列化或迁移入口
DELETE-VERIFIED	main-old-core	src/core/manga_insight/config/serialization.py	L1-L145	默认补字段的通用反序列化已由当前精确 schema 校验取代	Git main 文件逐行核对；SerializableMixin/create_default_factory 残留搜索为 0，当前旧配置直接拒绝
DELETE-VERIFIED	main-old-core	src/core/manga_insight/utils/__init__.py	L1-L21	旧 Insight 工具聚合出口已删除，当前调用直接依赖各领域唯一实现	Git main 文件逐行核对；旧 utils 包导出无消费者，现存格式化职责已在当前领域文件审查
DELETE-VERIFIED	main-old-core	src/core/manga_insight/utils/json_parser.py	L1-L91	返回默认值的宽松 LLM JSON 解析已由共享严格业务错误解析取代	Git main 文件逐行核对；parse_llm_json/safe_json_loads/extract_json_objects 旧入口残留为 0，畸形模型结果直接失败
DELETE-VERIFIED	main-old-core	src/core/web_import/prompts.py	L1-L68	网页导入默认提示词并入唯一共享工厂提示词资源	Git main 文件逐行核对；DEFAULT_EXTRACTION_PROMPT/get_system_prompt 旧入口残留为 0，不保留第二份默认值
DELETE-VERIFIED	main-old-frontend	vue-frontend/.stylelintignore	L1-L18	旧样式豁免清单已删除，所有当前 Vue/CSS 文件均进入 Stylelint 与 UI 架构门禁	Git main 文件逐行核对；当前无 stylelint ignore 配置，完整 Stylelint/UI architecture 已通过
DELETE-VERIFIED	main-old-frontend	vue-frontend/src/composables/useEditMode.ts	L1-L74	前端编辑模式镜像已由 TranslateView 与后端页面文档/操作事实边界取代	Git main 文件逐行核对；useEditMode/ViewMode/LayoutMode 残留引用为 0，当前编辑流程测试与视觉回归通过
DELETE-VERIFIED	main-old-frontend	vue-frontend/src/defaults/textStyleFactoryDefaults.ts	L1-L11	重复前端工厂默认入口已由唯一共享 prompt/text-style 工厂资源直接提供	Git main 文件逐行核对；getFactoryTextStyleDefaults 残留为 0，当前默认值前后端相等契约测试通过
